{
	"schemaVersion": 1,
	"id": "dungeonsreborn",
	"version": "${version}",
	"name": "Dungeons Reborn",
	"description": "This is an example description! Tell everyone what your mod is about!",
	"authors": [
		"Me!"
	],
	"contact": {
		"homepage": "https://fabricmc.net/",
		"sources": "https://github.com/FabricMC/fabric-example-mod"
	},
	"license": "CC0-1.0",
	"icon": "assets/dungeonsreborn/icon.png",
	"environment": "*",
	"entrypoints": {
		"main": [
			"net.okense.dungeonsreborn.DungeonsReborn"
		],
		"fabric-datagen": [
			"net.okense.dungeonsreborn.DungeonsRebornDataGenerator"
		]
	},
	"mixins": [
		"dungeonsreborn.mixins.json"
	],
	"depends": {
		"fabricloader": ">=0.15.11",
		"minecraft": "~1.20.5",
		"java": ">=21",
		"fabric-api": "*"
	},
	"suggests": {
		"another-mod": "*"
	}
}